{
  "best_global_step": null,
  "best_metric": null,
  "best_model_checkpoint": null,
  "epoch": 1.0,
  "eval_steps": 500,
  "global_step": 6789,
  "is_hyper_param_search": false,
  "is_local_process_zero": true,
  "is_world_process_zero": true,
  "log_history": [
    {
      "epoch": 0.014729709824716454,
      "grad_norm": NaN,
      "learning_rate": 0.0003,
      "loss": 0.2196,
      "step": 100
    },
    {
      "epoch": 0.029459419649432907,
      "grad_norm": NaN,
      "learning_rate": 0.0003,
      "loss": 0.0,
      "step": 200
    },
    {
      "epoch": 0.04418912947414936,
      "grad_norm": NaN,
      "learning_rate": 0.0003,
      "loss": 0.0,
      "step": 300
    },
    {
      "epoch": 0.058918839298865815,
      "grad_norm": NaN,
      "learning_rate": 0.0003,
      "loss": 0.0,
      "step": 400
    },
    {
      "epoch": 0.07364854912358226,
      "grad_norm": NaN,
      "learning_rate": 0.0003,
      "loss": 0.0,
      "step": 500
    },
    {
      "epoch": 0.08837825894829872,
      "grad_norm": NaN,
      "learning_rate": 0.0003,
      "loss": 0.0,
      "step": 600
    },
    {
      "epoch": 0.10310796877301517,
      "grad_norm": NaN,
      "learning_rate": 0.0003,
      "loss": 0.0,
      "step": 700
    },
    {
      "epoch": 0.11783767859773163,
      "grad_norm": NaN,
      "learning_rate": 0.0003,
      "loss": 0.0,
      "step": 800
    },
    {
      "epoch": 0.13256738842244808,
      "grad_norm": NaN,
      "learning_rate": 0.0003,
      "loss": 0.0,
      "step": 900
    },
    {
      "epoch": 0.14729709824716453,
      "grad_norm": NaN,
      "learning_rate": 0.0003,
      "loss": 0.0,
      "step": 1000
    },
    {
      "epoch": 0.162026808071881,
      "grad_norm": NaN,
      "learning_rate": 0.0003,
      "loss": 0.0,
      "step": 1100
    },
    {
      "epoch": 0.17675651789659744,
      "grad_norm": NaN,
      "learning_rate": 0.0003,
      "loss": 0.0,
      "step": 1200
    },
    {
      "epoch": 0.19148622772131388,
      "grad_norm": NaN,
      "learning_rate": 0.0003,
      "loss": 0.0,
      "step": 1300
    },
    {
      "epoch": 0.20621593754603035,
      "grad_norm": NaN,
      "learning_rate": 0.0003,
      "loss": 0.0,
      "step": 1400
    },
    {
      "epoch": 0.2209456473707468,
      "grad_norm": NaN,
      "learning_rate": 0.0003,
      "loss": 0.0,
      "step": 1500
    },
    {
      "epoch": 0.23567535719546326,
      "grad_norm": NaN,
      "learning_rate": 0.0003,
      "loss": 0.0,
      "step": 1600
    },
    {
      "epoch": 0.25040506702017973,
      "grad_norm": NaN,
      "learning_rate": 0.0003,
      "loss": 0.0,
      "step": 1700
    },
    {
      "epoch": 0.26513477684489617,
      "grad_norm": NaN,
      "learning_rate": 0.0003,
      "loss": 0.0,
      "step": 1800
    },
    {
      "epoch": 0.2798644866696126,
      "grad_norm": NaN,
      "learning_rate": 0.0003,
      "loss": 0.0,
      "step": 1900
    },
    {
      "epoch": 0.29459419649432905,
      "grad_norm": NaN,
      "learning_rate": 0.0003,
      "loss": 0.0,
      "step": 2000
    },
    {
      "epoch": 0.3093239063190455,
      "grad_norm": NaN,
      "learning_rate": 0.0003,
      "loss": 0.0229,
      "step": 2100
    },
    {
      "epoch": 0.324053616143762,
      "grad_norm": NaN,
      "learning_rate": 0.0003,
      "loss": 0.0187,
      "step": 2200
    },
    {
      "epoch": 0.33878332596847843,
      "grad_norm": NaN,
      "learning_rate": 0.0003,
      "loss": 0.0,
      "step": 2300
    },
    {
      "epoch": 0.3535130357931949,
      "grad_norm": NaN,
      "learning_rate": 0.0003,
      "loss": 0.0,
      "step": 2400
    },
    {
      "epoch": 0.3682427456179113,
      "grad_norm": NaN,
      "learning_rate": 0.0003,
      "loss": 0.0,
      "step": 2500
    },
    {
      "epoch": 0.38297245544262776,
      "grad_norm": NaN,
      "learning_rate": 0.0003,
      "loss": 0.0,
      "step": 2600
    },
    {
      "epoch": 0.39770216526734425,
      "grad_norm": NaN,
      "learning_rate": 0.0003,
      "loss": 0.0,
      "step": 2700
    },
    {
      "epoch": 0.4124318750920607,
      "grad_norm": NaN,
      "learning_rate": 0.0003,
      "loss": 0.0,
      "step": 2800
    },
    {
      "epoch": 0.42716158491677714,
      "grad_norm": NaN,
      "learning_rate": 0.0003,
      "loss": 0.0,
      "step": 2900
    },
    {
      "epoch": 0.4418912947414936,
      "grad_norm": NaN,
      "learning_rate": 0.0003,
      "loss": 21.6071,
      "step": 3000
    },
    {
      "epoch": 0.45662100456621,
      "grad_norm": NaN,
      "learning_rate": 0.0003,
      "loss": 0.0,
      "step": 3100
    },
    {
      "epoch": 0.4713507143909265,
      "grad_norm": NaN,
      "learning_rate": 0.0003,
      "loss": 0.0,
      "step": 3200
    },
    {
      "epoch": 0.48608042421564296,
      "grad_norm": NaN,
      "learning_rate": 0.0003,
      "loss": 0.0,
      "step": 3300
    },
    {
      "epoch": 0.5008101340403595,
      "grad_norm": NaN,
      "learning_rate": 0.0003,
      "loss": 0.0,
      "step": 3400
    },
    {
      "epoch": 0.5155398438650759,
      "grad_norm": NaN,
      "learning_rate": 0.0003,
      "loss": 0.0,
      "step": 3500
    },
    {
      "epoch": 0.5302695536897923,
      "grad_norm": NaN,
      "learning_rate": 0.0003,
      "loss": 0.0,
      "step": 3600
    },
    {
      "epoch": 0.5449992635145088,
      "grad_norm": NaN,
      "learning_rate": 0.0003,
      "loss": 0.0,
      "step": 3700
    },
    {
      "epoch": 0.5597289733392252,
      "grad_norm": NaN,
      "learning_rate": 0.0003,
      "loss": 0.0,
      "step": 3800
    },
    {
      "epoch": 0.5744586831639417,
      "grad_norm": NaN,
      "learning_rate": 0.0003,
      "loss": 0.0,
      "step": 3900
    },
    {
      "epoch": 0.5891883929886581,
      "grad_norm": NaN,
      "learning_rate": 0.0003,
      "loss": 0.0,
      "step": 4000
    },
    {
      "epoch": 0.6039181028133745,
      "grad_norm": NaN,
      "learning_rate": 0.0003,
      "loss": 0.0,
      "step": 4100
    },
    {
      "epoch": 0.618647812638091,
      "grad_norm": NaN,
      "learning_rate": 0.0003,
      "loss": 0.0,
      "step": 4200
    },
    {
      "epoch": 0.6333775224628074,
      "grad_norm": NaN,
      "learning_rate": 0.0003,
      "loss": 0.0,
      "step": 4300
    },
    {
      "epoch": 0.648107232287524,
      "grad_norm": NaN,
      "learning_rate": 0.0003,
      "loss": 0.0,
      "step": 4400
    },
    {
      "epoch": 0.6628369421122404,
      "grad_norm": NaN,
      "learning_rate": 0.0003,
      "loss": 0.0,
      "step": 4500
    },
    {
      "epoch": 0.6775666519369569,
      "grad_norm": NaN,
      "learning_rate": 0.0003,
      "loss": 0.0,
      "step": 4600
    },
    {
      "epoch": 0.6922963617616733,
      "grad_norm": NaN,
      "learning_rate": 0.0003,
      "loss": 0.0,
      "step": 4700
    },
    {
      "epoch": 0.7070260715863897,
      "grad_norm": NaN,
      "learning_rate": 0.0003,
      "loss": 0.0,
      "step": 4800
    },
    {
      "epoch": 0.7217557814111062,
      "grad_norm": NaN,
      "learning_rate": 0.0003,
      "loss": 0.0,
      "step": 4900
    },
    {
      "epoch": 0.7364854912358226,
      "grad_norm": NaN,
      "learning_rate": 0.0003,
      "loss": 0.0,
      "step": 5000
    },
    {
      "epoch": 0.7512152010605391,
      "grad_norm": NaN,
      "learning_rate": 0.0003,
      "loss": 0.0,
      "step": 5100
    },
    {
      "epoch": 0.7659449108852555,
      "grad_norm": NaN,
      "learning_rate": 0.0003,
      "loss": 0.0,
      "step": 5200
    },
    {
      "epoch": 0.7806746207099721,
      "grad_norm": NaN,
      "learning_rate": 0.0003,
      "loss": 0.0,
      "step": 5300
    },
    {
      "epoch": 0.7954043305346885,
      "grad_norm": NaN,
      "learning_rate": 0.0003,
      "loss": 0.0,
      "step": 5400
    },
    {
      "epoch": 0.810134040359405,
      "grad_norm": NaN,
      "learning_rate": 0.0003,
      "loss": 0.0,
      "step": 5500
    },
    {
      "epoch": 0.8248637501841214,
      "grad_norm": NaN,
      "learning_rate": 0.0003,
      "loss": 0.0,
      "step": 5600
    },
    {
      "epoch": 0.8395934600088378,
      "grad_norm": NaN,
      "learning_rate": 0.0003,
      "loss": 0.0,
      "step": 5700
    },
    {
      "epoch": 0.8543231698335543,
      "grad_norm": NaN,
      "learning_rate": 0.0003,
      "loss": 0.0,
      "step": 5800
    },
    {
      "epoch": 0.8690528796582707,
      "grad_norm": NaN,
      "learning_rate": 0.0003,
      "loss": 0.0,
      "step": 5900
    },
    {
      "epoch": 0.8837825894829872,
      "grad_norm": NaN,
      "learning_rate": 0.0003,
      "loss": 0.0,
      "step": 6000
    },
    {
      "epoch": 0.8985122993077036,
      "grad_norm": NaN,
      "learning_rate": 0.0003,
      "loss": 0.0,
      "step": 6100
    },
    {
      "epoch": 0.91324200913242,
      "grad_norm": NaN,
      "learning_rate": 0.0003,
      "loss": 0.0,
      "step": 6200
    },
    {
      "epoch": 0.9279717189571366,
      "grad_norm": NaN,
      "learning_rate": 0.0003,
      "loss": 0.0,
      "step": 6300
    },
    {
      "epoch": 0.942701428781853,
      "grad_norm": NaN,
      "learning_rate": 0.0003,
      "loss": 0.0,
      "step": 6400
    },
    {
      "epoch": 0.9574311386065695,
      "grad_norm": NaN,
      "learning_rate": 0.0003,
      "loss": 0.0,
      "step": 6500
    },
    {
      "epoch": 0.9721608484312859,
      "grad_norm": NaN,
      "learning_rate": 0.0003,
      "loss": 13.8011,
      "step": 6600
    },
    {
      "epoch": 0.9868905582560024,
      "grad_norm": NaN,
      "learning_rate": 0.0003,
      "loss": 0.0,
      "step": 6700
    },
    {
      "epoch": 1.0,
      "eval_loss": 3.565554141998291,
      "eval_runtime": 161.5644,
      "eval_samples_per_second": 75.419,
      "eval_steps_per_second": 18.859,
      "step": 6789
    }
  ],
  "logging_steps": 100,
  "max_steps": 20367,
  "num_input_tokens_seen": 0,
  "num_train_epochs": 3,
  "save_steps": 500,
  "stateful_callbacks": {
    "TrainerControl": {
      "args": {
        "should_epoch_stop": false,
        "should_evaluate": false,
        "should_log": false,
        "should_save": true,
        "should_training_stop": false
      },
      "attributes": {}
    }
  },
  "total_flos": 2.042179363012608e+16,
  "train_batch_size": 4,
  "trial_name": null,
  "trial_params": null
}
